-- phpMyAdmin SQL Dump
-- version 5.2.1
-- https://www.phpmyadmin.net/
--
-- Servidor: 127.0.0.1
-- Tiempo de generación: 28-11-2024 a las 17:19:51
-- Versión del servidor: 10.4.32-MariaDB
-- Versión de PHP: 8.0.30

SET SQL_MODE = "NO_AUTO_VALUE_ON_ZERO";
START TRANSACTION;
SET time_zone = "+00:00";


/*!40101 SET @OLD_CHARACTER_SET_CLIENT=@@CHARACTER_SET_CLIENT */;
/*!40101 SET @OLD_CHARACTER_SET_RESULTS=@@CHARACTER_SET_RESULTS */;
/*!40101 SET @OLD_COLLATION_CONNECTION=@@COLLATION_CONNECTION */;
/*!40101 SET NAMES utf8mb4 */;

--
-- Base de datos: `biblioteca`
--

-- --------------------------------------------------------

--
-- Estructura de tabla para la tabla `autores`
--

CREATE TABLE `autores` (
  `ID_Autor` int(11) NOT NULL,
  `Nombre` varchar(30) NOT NULL,
  `Nacionalidad` varchar(30) NOT NULL,
  `Fecha_Nacimiento` date NOT NULL
) ENGINE=InnoDB DEFAULT CHARSET=utf8mb4 COLLATE=utf8mb4_general_ci;

--
-- Volcado de datos para la tabla `autores`
--

INSERT INTO `autores` (`ID_Autor`, `Nombre`, `Nacionalidad`, `Fecha_Nacimiento`) VALUES
(1, 'Gabriel García Márquez', 'Colombiano', '1927-03-06'),
(2, 'J.K. Rowling', 'Británica', '1965-07-31'),
(3, 'George Orwell', 'Británica', '1903-06-25');

-- --------------------------------------------------------

--
-- Estructura de tabla para la tabla `categorías`
--

CREATE TABLE `categorías` (
  `ID_Categoria` int(11) NOT NULL,
  `Nombre_Categoria` varchar(30) NOT NULL
) ENGINE=InnoDB DEFAULT CHARSET=utf8mb4 COLLATE=utf8mb4_general_ci;

--
-- Volcado de datos para la tabla `categorías`
--

INSERT INTO `categorías` (`ID_Categoria`, `Nombre_Categoria`) VALUES
(1, 'Novela'),
(2, 'Ciencia Ficción'),
(3, 'Fantasía'),
(4, 'Ensayo');

-- --------------------------------------------------------

--
-- Estructura de tabla para la tabla `libros`
--

CREATE TABLE `libros` (
  `ID_Libro` int(11) NOT NULL,
  `Titulo` varchar(30) NOT NULL,
  `ID_Autor` int(11) NOT NULL,
  `ID_Categoria` int(11) NOT NULL,
  `Año_Publicacion` year(4) NOT NULL,
  `Disponible` varchar(2) NOT NULL
) ENGINE=InnoDB DEFAULT CHARSET=utf8mb4 COLLATE=utf8mb4_general_ci;

--
-- Volcado de datos para la tabla `libros`
--

INSERT INTO `libros` (`ID_Libro`, `Titulo`, `ID_Autor`, `ID_Categoria`, `Año_Publicacion`, `Disponible`) VALUES
(1, 'Cien Años de Soledad', 1, 1, '1967', 'SI'),
(2, 'Harry Potter y la Piedra Filos', 2, 3, '1997', 'SI'),
(3, 'La era de 1984', 3, 2, '1949', 'SI');

-- --------------------------------------------------------

--
-- Estructura de tabla para la tabla `prestamos`
--

CREATE TABLE `prestamos` (
  `ID_Prestamo` int(11) NOT NULL,
  `ID_Usuario` int(11) NOT NULL,
  `ID_Libro` int(11) NOT NULL,
  `Fecha_Prestamo` date NOT NULL,
  `Fecha_Devolucion` date NOT NULL
) ENGINE=InnoDB DEFAULT CHARSET=utf8mb4 COLLATE=utf8mb4_general_ci;

--
-- Volcado de datos para la tabla `prestamos`
--

INSERT INTO `prestamos` (`ID_Prestamo`, `ID_Usuario`, `ID_Libro`, `Fecha_Prestamo`, `Fecha_Devolucion`) VALUES
(3, 1, 1, '2024-08-01', '2024-08-15'),
(4, 2, 2, '2024-08-02', '2024-08-16');

-- --------------------------------------------------------

--
-- Estructura de tabla para la tabla `usuarios`
--

CREATE TABLE `usuarios` (
  `ID_Usuario` int(11) NOT NULL,
  `Nombre` varchar(30) NOT NULL,
  `Direccion` varchar(30) NOT NULL,
  `Telefono` varchar(10) NOT NULL
) ENGINE=InnoDB DEFAULT CHARSET=utf8mb4 COLLATE=utf8mb4_general_ci;

--
-- Volcado de datos para la tabla `usuarios`
--

INSERT INTO `usuarios` (`ID_Usuario`, `Nombre`, `Direccion`, `Telefono`) VALUES
(1, 'Carlos Martínez', 'Calle Luna, 123', '123456789'),
(2, 'Lucía Fernández', 'Avenida Sol, 456', '987654321');

--
-- Índices para tablas volcadas
--

--
-- Indices de la tabla `autores`
--
ALTER TABLE `autores`
  ADD PRIMARY KEY (`ID_Autor`);

--
-- Indices de la tabla `categorías`
--
ALTER TABLE `categorías`
  ADD PRIMARY KEY (`ID_Categoria`);

--
-- Indices de la tabla `libros`
--
ALTER TABLE `libros`
  ADD PRIMARY KEY (`ID_Libro`),
  ADD KEY `ID_Autor` (`ID_Autor`);

--
-- Indices de la tabla `prestamos`
--
ALTER TABLE `prestamos`
  ADD PRIMARY KEY (`ID_Prestamo`),
  ADD KEY `ID_Usuario` (`ID_Usuario`),
  ADD KEY `ID_Libro` (`ID_Libro`);

--
-- Indices de la tabla `usuarios`
--
ALTER TABLE `usuarios`
  ADD PRIMARY KEY (`ID_Usuario`);

--
-- AUTO_INCREMENT de las tablas volcadas
--

--
-- AUTO_INCREMENT de la tabla `autores`
--
ALTER TABLE `autores`
  MODIFY `ID_Autor` int(11) NOT NULL AUTO_INCREMENT, AUTO_INCREMENT=15;

--
-- AUTO_INCREMENT de la tabla `categorías`
--
ALTER TABLE `categorías`
  MODIFY `ID_Categoria` int(11) NOT NULL AUTO_INCREMENT, AUTO_INCREMENT=5;

--
-- AUTO_INCREMENT de la tabla `libros`
--
ALTER TABLE `libros`
  MODIFY `ID_Libro` int(11) NOT NULL AUTO_INCREMENT, AUTO_INCREMENT=16;

--
-- AUTO_INCREMENT de la tabla `prestamos`
--
ALTER TABLE `prestamos`
  MODIFY `ID_Prestamo` int(11) NOT NULL AUTO_INCREMENT, AUTO_INCREMENT=5;

--
-- AUTO_INCREMENT de la tabla `usuarios`
--
ALTER TABLE `usuarios`
  MODIFY `ID_Usuario` int(11) NOT NULL AUTO_INCREMENT, AUTO_INCREMENT=3;

--
-- Restricciones para tablas volcadas
--

--
-- Filtros para la tabla `libros`
--
ALTER TABLE `libros`
  ADD CONSTRAINT `libros_ibfk_1` FOREIGN KEY (`ID_Autor`) REFERENCES `autores` (`ID_Autor`);

--
-- Filtros para la tabla `prestamos`
--
ALTER TABLE `prestamos`
  ADD CONSTRAINT `prestamos_ibfk_1` FOREIGN KEY (`ID_Usuario`) REFERENCES `usuarios` (`ID_Usuario`),
  ADD CONSTRAINT `prestamos_ibfk_2` FOREIGN KEY (`ID_Libro`) REFERENCES `libros` (`ID_Libro`);
COMMIT;

/*!40101 SET CHARACTER_SET_CLIENT=@OLD_CHARACTER_SET_CLIENT */;
/*!40101 SET CHARACTER_SET_RESULTS=@OLD_CHARACTER_SET_RESULTS */;
/*!40101 SET COLLATION_CONNECTION=@OLD_COLLATION_CONNECTION */;
